user_id,days_since_signup,days_since_last_activity,logins_last_30_days,total_active_hours,payments_made,lifetime_value_dollars,payment_failures_count,pricing_page_visits,support_tickets,open_complaint_tickets,sentiment_score,failed_onboarding_steps,plan_utilization_percent,core_features_untouched,primary_use_case
user_startup_1,60,0,20,47.7,1,258.41,0,0,0,0,0.65,0,38,6,Marketing
user_startup_2,71,56,0,0.0,1,417.46,1,0,3,2,0.56,0,22,7,Education
user_startup_3,85,39,4,2.8,1,319.85,0,0,2,0,0.63,0,39,6,SaaS
user_startup_4,95,6,7,6.6,2,118.17,0,1,4,2,0.72,0,26,7,Finance
user_startup_5,111,56,2,5.9,2,506.44,0,0,2,0,0.33,0,52,4,E-commerce
user_startup_6,46,40,1,0.7,0,0.0,0,3,4,1,0.38,2,23,7,Marketing
user_startup_7,112,44,0,0.0,2,857.57,0,2,0,0,0.42,0,38,6,Education
user_startup_8,97,40,2,1.3,1,355.34,0,4,0,0,0.26,0,58,4,Education
user_startup_9,76,12,15,15.4,1,244.9,0,2,0,0,0.51,0,62,3,Education
user_startup_10,125,5,27,45.8,2,101.66,0,3,1,0,0.73,0,26,7,Education
user_startup_11,83,53,0,0.0,1,102.76,0,1,5,1,0.07,0,36,6,Finance
user_startup_12,82,39,0,0.0,1,155.2,0,2,0,0,0.78,0,44,5,Finance
user_startup_13,99,19,1,1.8,2,290.01,0,1,9,1,0.34,0,28,7,Education
user_startup_14,112,41,2,5.3,1,181.13,1,0,4,1,0.28,0,25,7,Marketing
user_startup_15,47,28,1,1.2,0,0.0,2,2,5,5,0.4,1,0,10,Finance
user_startup_16,86,17,0,0.0,1,268.0,0,3,3,1,0.44,0,0,10,Finance
user_startup_17,51,38,1,0.7,0,0.0,1,1,2,0,0.18,0,23,7,E-commerce
user_startup_18,116,5,26,62.9,2,690.41,0,6,0,0,0.0,0,6,9,Education
user_startup_19,46,3,8,5.0,0,0.0,0,1,0,0,0.11,1,34,6,Finance
user_startup_20,81,6,13,18.1,1,134.39,0,0,1,0,0.26,0,0,10,Finance
user_startup_21,112,53,2,5.7,1,75.01,1,0,1,0,0.8,0,53,4,SaaS
user_startup_22,76,55,4,4.2,1,260.43,0,1,6,0,0.25,0,11,8,Marketing
user_startup_23,36,11,5,9.2,0,0.0,0,1,3,1,0.69,1,31,6,Marketing
user_startup_24,97,17,2,5.0,2,707.14,0,0,3,0,0.6,0,50,5,E-commerce
user_startup_25,111,58,2,5.9,2,372.69,0,1,5,0,0.25,0,32,6,E-commerce
user_startup_26,32,21,1,2.7,0,0.0,1,2,1,0,0.52,1,47,5,Education
user_startup_27,53,22,1,2.8,0,0.0,0,0,2,0,0.41,0,20,8,E-commerce
user_startup_28,114,0,8,7.2,2,363.16,0,1,5,0,0.65,0,41,5,Finance
user_startup_29,61,3,24,44.0,1,158.76,0,3,1,0,0.4,0,14,8,Education
user_startup_30,98,2,12,31.7,2,599.91,0,2,4,1,0.13,0,35,6,Finance
user_startup_31,91,52,1,3.0,1,266.56,0,3,7,1,0.44,0,18,8,Finance
user_startup_32,129,50,0,0.0,2,793.7,1,1,2,0,0.2,0,17,8,Finance
user_startup_33,59,42,1,1.4,0,0.0,1,2,3,2,0.13,2,27,7,Education
user_startup_34,121,56,4,11.3,2,492.91,0,0,0,0,0.04,0,22,7,SaaS
user_startup_35,52,5,11,22.8,0,0.0,0,2,1,0,0.42,0,13,8,Marketing
user_startup_36,158,19,4,4.7,3,1332.32,1,2,1,0,0.58,0,7,9,Finance
user_startup_37,138,27,0,0.0,3,1286.92,1,2,3,0,0.3,0,21,7,Finance
user_startup_38,34,50,3,6.2,0,0.0,0,2,0,0,0.68,0,35,6,Education
user_startup_39,89,53,4,4.9,1,383.96,0,0,2,0,0.14,0,30,7,Education
user_startup_40,87,15,0,0.0,1,50.61,0,0,0,0,0.64,0,28,7,E-commerce
user_startup_41,93,13,16,47.8,2,421.84,0,0,1,0,0.14,0,66,3,E-commerce
user_startup_42,74,18,3,2.0,1,263.48,0,4,1,0,0.7,0,39,6,SaaS
user_startup_43,77,11,16,47.2,1,335.22,0,2,1,0,0.05,0,35,6,SaaS
user_startup_44,36,13,23,46.3,0,0.0,0,4,0,0,0.51,0,19,8,Education
user_startup_45,157,52,2,4.0,2,826.28,2,2,0,0,0.57,0,46,5,Marketing
user_startup_46,55,52,2,5.0,0,0.0,0,2,2,0,0.53,0,23,7,E-commerce
user_startup_47,114,50,2,4.6,1,256.66,0,2,3,1,0.46,0,54,4,SaaS
user_startup_48,127,39,3,4.1,2,287.62,1,3,2,0,0.65,0,21,7,SaaS
user_startup_49,92,51,2,2.3,2,998.96,0,0,2,0,0.51,0,36,6,E-commerce
user_startup_50,66,3,22,53.4,1,348.04,0,0,1,0,0.26,0,61,3,Finance
user_startup_51,38,3,18,53.9,0,0.0,0,0,1,0,0.57,0,31,6,Marketing
user_startup_52,137,20,1,1.1,3,1439.53,0,2,0,0,0.75,0,20,8,SaaS
user_startup_53,96,55,0,0.0,2,965.58,0,2,3,2,0.23,0,49,5,SaaS
user_startup_54,134,55,0,0.0,3,294.42,0,2,1,0,0.37,0,23,7,Finance
user_startup_55,72,50,2,5.5,1,318.5,0,1,3,3,0.31,0,23,7,SaaS
user_startup_56,106,36,1,2.3,2,480.71,0,0,2,0,0.19,0,18,8,E-commerce
user_startup_57,101,1,29,43.1,2,268.97,0,2,3,2,0.25,0,28,7,SaaS
user_startup_58,40,3,10,28.0,0,0.0,0,0,4,2,0.69,0,19,8,E-commerce
user_startup_59,129,57,3,5.9,2,612.46,0,5,4,2,0.31,0,33,6,Education
user_startup_60,42,54,3,4.9,0,0.0,0,1,4,0,0.69,1,20,8,Marketing
user_startup_61,123,22,0,0.0,3,858.73,0,3,1,0,0.26,0,26,7,Education
user_startup_62,70,54,2,5.2,1,351.49,0,2,4,2,0.48,0,33,6,Education
user_startup_63,24,44,1,2.9,0,0.0,0,0,0,0,0.43,1,11,8,Marketing
user_startup_64,100,39,0,0.0,1,105.11,0,0,2,0,0.7,0,26,7,Marketing
user_startup_65,104,30,3,2.0,2,450.45,0,4,0,0,0.41,0,27,7,Education
user_startup_66,65,37,1,1.4,1,53.78,0,3,3,1,0.38,0,0,10,Education
user_startup_67,103,0,16,39.2,1,248.95,1,2,6,4,0.68,0,41,5,Finance
user_startup_68,136,39,3,1.5,3,1210.71,0,1,2,0,0.33,0,36,6,Marketing
user_startup_69,106,10,13,38.6,2,593.25,0,2,1,0,0.48,0,24,7,Finance
user_startup_70,105,40,1,2.7,2,559.66,1,1,1,0,0.42,0,22,7,E-commerce
user_startup_71,126,54,0,0.0,3,306.19,0,0,1,0,0.35,0,15,8,SaaS
user_startup_72,95,0,17,25.1,2,141.4,1,4,3,0,0.73,0,42,5,Education
user_startup_73,119,1,9,13.1,2,809.62,1,0,2,0,0.37,0,26,7,Marketing
user_startup_74,72,31,0,0.0,1,175.37,0,2,0,0,0.36,0,45,5,Education
user_startup_75,110,5,26,43.9,1,421.54,1,2,2,0,0.33,0,39,6,Marketing
user_startup_76,71,46,4,4.4,1,303.37,0,0,0,0,0.48,0,49,5,E-commerce
user_startup_77,123,19,4,11.0,3,155.97,0,5,4,0,0.32,0,52,4,Education
user_startup_78,116,41,2,2.9,2,457.05,1,0,0,0,0.5,0,56,4,Marketing
user_startup_79,56,58,1,2.5,0,0.0,1,0,0,0,0.65,3,38,6,SaaS
user_startup_80,64,57,0,0.0,1,401.86,1,1,1,0,0.15,0,53,4,SaaS
user_startup_81,142,17,3,7.2,2,606.24,0,1,6,0,0.35,0,46,5,SaaS
user_startup_82,136,15,4,8.8,2,908.4,0,1,0,0,0.62,0,36,6,Finance
user_startup_83,101,6,17,21.6,1,457.29,0,1,5,0,0.79,0,39,6,Marketing
user_startup_84,52,1,16,21.6,0,0.0,0,0,4,0,0.51,1,66,3,Education
user_startup_85,116,33,3,3.5,2,815.54,1,0,0,0,0.51,0,74,2,Finance
user_startup_86,109,8,9,27.0,2,434.2,2,1,1,0,0.26,0,27,7,Education
user_startup_87,72,20,1,2.7,1,324.17,0,0,0,0,0.41,0,33,6,SaaS
user_startup_88,72,18,0,0.0,1,174.32,0,1,0,0,0.93,0,46,5,Education
user_startup_89,86,8,6,7.2,1,424.0,0,2,4,1,0.0,0,46,5,SaaS
user_startup_90,152,29,1,2.7,2,542.05,2,2,0,0,0.25,0,31,6,Marketing
user_startup_91,40,44,2,4.8,0,0.0,1,1,0,0,0.62,0,16,8,Marketing
user_startup_92,23,1,18,39.5,0,0.0,0,1,5,2,0.42,1,24,7,Education
user_startup_93,115,39,1,2.1,1,212.13,0,0,0,0,0.59,0,30,7,Marketing
user_startup_94,51,56,4,4.2,0,0.0,0,0,0,0,0.77,0,14,8,Education
user_startup_95,48,7,6,14.6,0,0.0,0,0,4,0,0.59,1,11,8,Marketing
user_startup_96,90,16,2,3.8,2,341.59,2,1,3,1,0.58,0,25,7,SaaS
user_startup_97,74,54,3,2.3,1,81.01,0,4,0,0,0.44,0,42,5,SaaS
user_startup_98,108,24,2,4.3,2,320.59,0,0,6,1,0.03,0,27,7,Education
user_startup_99,123,8,17,38.9,3,1479.13,1,4,1,0,0.53,0,27,7,E-commerce
user_startup_100,122,35,0,0.0,2,959.7,0,0,0,0,0.12,0,21,7,Marketing
user_startup_101,86,12,8,9.5,1,414.93,1,0,1,0,0.1,0,38,6,Education
user_startup_102,121,7,9,10.8,3,921.17,0,2,4,1,0.72,0,13,8,Marketing
user_startup_103,88,20,4,3.1,1,85.04,1,4,7,0,0.51,0,56,4,Education
user_startup_104,153,46,3,2.1,2,847.59,2,0,2,0,0.33,0,25,7,E-commerce
user_startup_105,69,13,5,3.0,1,245.79,0,0,2,0,0.49,0,55,4,Education
user_startup_106,55,40,1,2.4,0,0.0,0,3,2,0,0.6,3,38,6,Finance
user_startup_107,112,5,12,28.5,1,266.75,1,5,4,2,0.58,0,29,7,Education
user_startup_108,126,52,0,0.0,2,804.92,0,1,5,2,0.17,0,25,7,SaaS
user_startup_109,135,54,0,0.0,2,274.65,0,1,2,0,0.31,0,55,4,Education
user_startup_110,101,13,24,48.4,2,218.87,0,3,4,0,0.6,0,8,9,Education
user_startup_111,44,10,15,20.0,0,0.0,0,1,1,0,0.67,0,34,6,E-commerce
user_startup_112,56,29,4,4.4,0,0.0,0,3,2,0,0.25,0,43,5,E-commerce
user_startup_113,70,44,3,7.1,1,253.52,0,3,3,1,0.11,0,47,5,SaaS
user_startup_114,61,6,29,41.3,1,292.95,0,2,0,0,0.17,0,36,6,Education
user_startup_115,104,56,3,6.1,2,887.91,0,0,0,0,0.55,0,21,7,Education
user_startup_116,111,56,1,2.8,1,289.02,0,0,2,0,0.33,0,43,5,Finance
user_startup_117,73,52,1,1.9,1,466.75,0,1,2,0,0.81,0,50,5,E-commerce
user_startup_118,81,33,4,2.1,1,109.9,0,4,4,1,0.75,0,47,5,Finance
user_startup_119,123,36,3,5.3,2,434.1,0,3,4,1,0.31,0,12,8,Education
user_startup_120,96,53,4,2.2,1,450.11,0,1,0,0,0.37,0,46,5,E-commerce
user_startup_121,68,36,1,2.2,1,178.24,0,0,0,0,0.34,0,47,5,Finance
user_startup_122,110,30,1,0.6,2,483.31,0,1,2,0,0.2,0,29,7,Education
user_startup_123,102,59,1,2.6,2,579.57,0,2,1,0,0.52,0,43,5,SaaS
user_startup_124,37,27,0,0.0,0,0.0,0,0,1,0,0.32,2,35,6,Marketing
user_startup_125,83,34,2,3.4,1,302.29,0,2,5,1,0.69,0,52,4,Education
user_startup_126,92,30,3,7.8,2,555.98,0,0,5,2,0.39,0,0,10,E-commerce
user_startup_127,73,49,1,1.4,1,187.42,0,1,6,2,0.16,0,45,5,Marketing
user_startup_128,97,45,1,3.0,1,143.11,0,4,5,2,0.57,0,11,8,Education
user_startup_129,84,35,0,0.0,1,145.76,0,0,1,0,0.62,0,40,6,Education
user_startup_130,84,18,3,7.2,1,200.62,1,0,1,0,0.39,0,42,5,SaaS
user_startup_131,113,37,2,4.1,2,379.08,1,2,0,0,0.26,0,32,6,Finance
user_startup_132,81,10,15,17.0,1,200.22,0,3,2,0,0.61,0,53,4,E-commerce
user_startup_133,37,56,0,0.0,0,0.0,1,4,2,0,0.37,0,37,6,Finance
user_startup_134,105,10,18,24.7,1,92.81,1,2,5,0,0.82,0,0,10,E-commerce
user_startup_135,31,53,1,1.8,0,0.0,0,3,2,0,0.5,0,39,6,E-commerce
user_startup_136,33,32,3,3.8,0,0.0,0,2,5,0,0.69,3,24,7,SaaS
user_startup_137,94,48,3,7.6,1,477.96,0,5,5,1,0.53,0,47,5,SaaS
user_startup_138,77,58,4,6.2,1,177.37,2,0,2,0,0.42,0,13,8,SaaS
user_startup_139,68,49,4,6.0,1,122.18,0,2,3,1,0.45,0,0,10,E-commerce
user_startup_140,119,45,2,5.8,2,116.33,1,0,0,0,0.5,0,38,6,SaaS
user_startup_141,45,44,0,0.0,0,0.0,2,1,0,0,0.37,2,20,8,E-commerce
user_startup_142,51,35,4,9.3,0,0.0,0,6,0,0,0.48,3,0,10,Marketing
user_startup_143,82,54,3,6.8,1,173.22,0,0,1,0,0.46,0,34,6,Education
user_startup_144,115,20,4,11.6,1,225.18,0,4,0,0,0.17,0,20,8,Education
user_startup_145,105,46,1,1.8,2,859.17,0,3,1,0,0.81,0,35,6,E-commerce
user_startup_146,88,56,3,8.1,1,426.63,0,0,1,0,0.36,0,8,9,Marketing
user_startup_147,73,54,0,0.0,1,194.77,0,1,0,0,0.23,0,10,9,Finance
user_startup_148,98,0,10,9.5,1,458.42,0,4,3,1,0.46,0,33,6,Marketing
user_startup_149,149,23,1,2.1,3,150.54,0,1,0,0,0.34,0,11,8,SaaS
user_startup_150,53,42,1,1.6,0,0.0,2,1,2,0,0.06,0,57,4,Finance
user_startup_151,118,56,2,4.6,2,402.34,0,2,6,0,0.44,0,30,7,Marketing
user_startup_152,77,20,1,2.8,1,57.29,0,0,1,0,0.67,0,12,8,Finance
user_startup_153,60,34,3,4.4,1,251.35,1,0,4,1,0.39,0,4,9,Finance
user_startup_154,53,24,0,0.0,0,0.0,0,5,3,2,0.35,0,44,5,SaaS
user_startup_155,62,13,28,65.8,1,173.07,1,2,4,0,0.39,0,58,4,E-commerce
user_startup_156,98,49,0,0.0,2,150.35,0,2,0,0,0.33,0,51,4,Finance
user_startup_157,72,53,2,1.3,1,387.44,2,0,2,0,0.2,0,35,6,Education
user_startup_158,108,15,4,3.1,1,261.61,2,0,0,0,0.6,0,21,7,SaaS
user_startup_159,101,30,3,8.7,2,267.11,0,0,6,0,0.7,0,46,5,SaaS
user_startup_160,102,47,1,0.9,2,378.25,0,0,0,0,0.23,0,30,7,Education
user_startup_161,82,16,4,4.5,1,136.3,0,2,4,1,0.41,0,47,5,E-commerce
user_startup_162,89,43,2,2.4,1,260.23,0,0,5,0,0.68,0,48,5,E-commerce
user_startup_163,110,2,11,5.9,2,485.59,2,1,1,0,0.35,0,32,6,SaaS
user_startup_164,97,24,3,5.6,2,352.13,0,1,6,0,0.5,0,43,5,Marketing
user_startup_165,57,8,13,26.3,0,0.0,1,0,4,3,0.38,0,18,8,Education
user_startup_166,72,19,3,5.3,1,194.72,0,0,2,0,0.73,0,35,6,Education
user_startup_167,22,42,2,4.4,0,0.0,1,2,4,1,0.38,0,24,7,Education
user_startup_168,92,43,0,0.0,1,351.09,2,1,1,0,0.58,0,42,5,Finance
user_startup_169,22,55,0,0.0,0,0.0,0,0,6,0,0.38,1,29,7,E-commerce
user_startup_170,62,27,4,9.6,1,358.26,0,0,2,0,0.47,0,28,7,E-commerce
user_startup_171,116,12,16,31.9,1,108.95,1,2,5,0,0.34,0,24,7,Finance
user_startup_172,122,52,2,3.7,3,710.51,1,1,2,0,0.2,0,32,6,Finance
user_startup_173,90,23,0,0.0,2,670.56,0,2,2,0,0.37,0,19,8,Marketing
user_startup_174,64,4,19,16.6,1,249.13,0,0,3,3,0.72,0,38,6,SaaS
user_startup_175,131,11,8,8.5,3,657.73,0,0,2,0,0.52,0,15,8,SaaS
user_startup_176,46,34,2,2.1,0,0.0,0,2,0,0,0.35,0,27,7,Finance
user_startup_177,67,34,1,0.6,1,286.67,0,1,4,0,0.28,0,41,5,Education
user_startup_178,57,4,28,58.6,0,0.0,0,2,4,0,0.54,2,38,6,Marketing
user_startup_179,28,13,11,32.9,0,0.0,0,1,2,0,0.11,0,41,5,Finance
user_startup_180,79,13,28,38.2,1,442.44,0,5,2,0,0.25,0,39,6,E-commerce
user_startup_181,98,40,3,2.3,1,264.18,0,1,0,0,0.48,0,35,6,Marketing
user_startup_182,88,5,24,61.6,1,294.57,0,1,0,0,0.25,0,45,5,Finance
user_startup_183,120,29,0,0.0,2,288.81,0,0,1,0,0.59,0,48,5,E-commerce
user_startup_184,86,29,3,5.6,1,113.09,1,3,1,0,0.12,0,57,4,Finance
user_startup_185,91,27,3,5.7,2,211.4,2,3,2,0,0.0,0,33,6,E-commerce
user_startup_186,84,38,1,0.5,1,335.97,0,2,1,0,0.52,0,0,10,Marketing
user_startup_187,110,48,1,2.6,1,415.35,0,1,1,0,0.35,0,27,7,E-commerce
user_startup_188,94,50,1,0.7,1,264.97,0,0,2,0,0.0,0,63,3,E-commerce
user_startup_189,61,16,0,0.0,1,279.85,0,3,2,0,0.15,0,21,7,SaaS
user_startup_190,82,11,16,41.4,1,265.41,0,0,1,0,0.22,0,52,4,SaaS
user_startup_191,112,39,1,2.4,2,466.49,1,2,5,1,0.56,0,48,5,Marketing
user_startup_192,137,6,26,31.8,3,450.61,0,3,4,1,0.45,0,29,7,Marketing
user_startup_193,69,15,3,5.9,1,165.44,1,0,2,0,0.82,0,36,6,Education
user_startup_194,52,29,3,8.2,0,0.0,1,0,4,2,0.38,0,48,5,Finance
user_startup_195,63,43,2,3.8,1,245.4,1,2,0,0,0.3,0,39,6,Finance
user_startup_196,102,19,3,6.8,2,406.84,0,0,5,0,0.32,0,16,8,SaaS
user_startup_197,85,39,1,2.3,1,198.58,1,2,7,0,0.17,0,0,10,Marketing
user_startup_198,110,1,10,10.8,2,254.76,2,3,2,0,0.57,0,56,4,Education
user_startup_199,117,29,0,0.0,2,233.55,1,3,1,0,0.33,0,19,8,Finance
user_startup_200,109,10,17,32.9,2,726.86,1,1,4,2,0.23,0,61,3,Education
user_startup_201,91,7,5,9.0,2,911.58,0,0,0,0,0.6,0,16,8,Marketing
user_startup_202,147,50,1,3.0,2,238.32,0,0,3,0,0.2,0,7,9,Education
user_startup_203,76,39,2,1.6,1,237.25,0,1,0,0,0.29,0,46,5,Finance
user_startup_204,69,54,1,2.6,1,485.33,0,4,6,2,0.14,0,41,5,SaaS
user_startup_205,160,9,29,78.9,3,656.06,3,1,2,0,0.58,0,44,5,Marketing
user_startup_206,65,52,4,7.4,1,427.1,0,1,0,0,0.44,0,34,6,E-commerce
user_startup_207,97,11,28,33.9,2,915.98,1,2,3,0,0.25,0,0,10,E-commerce
user_startup_208,105,27,2,1.6,2,319.18,0,2,2,0,0.4,0,26,7,Education
user_startup_209,142,59,0,0.0,3,847.95,2,3,0,0,0.57,0,51,4,Finance
user_startup_210,118,57,0,0.0,2,559.88,0,0,4,1,0.6,0,19,8,SaaS
user_startup_211,100,9,21,25.4,2,919.63,0,3,5,0,0.66,0,0,10,E-commerce
user_startup_212,117,36,2,5.5,2,696.1,0,2,2,0,0.91,0,13,8,Finance
user_startup_213,99,28,1,2.5,2,516.96,0,2,4,2,0.36,0,8,9,Education
user_startup_214,61,22,4,5.6,1,126.14,0,0,3,1,0.35,0,12,8,Marketing
user_startup_215,74,21,1,2.8,1,154.7,0,0,4,2,0.45,0,27,7,Marketing
user_startup_216,102,57,2,1.6,1,79.63,1,0,2,0,0.5,0,6,9,E-commerce
user_startup_217,74,35,4,10.2,1,105.32,0,3,1,0,0.65,0,26,7,Education
user_startup_218,99,8,23,50.8,1,91.04,0,0,1,0,0.05,0,23,7,Finance
user_startup_219,107,47,4,7.7,2,607.86,0,0,4,0,0.51,0,33,6,E-commerce
user_startup_220,45,16,3,3.7,0,0.0,0,0,0,0,0.37,3,17,8,Education
user_startup_221,64,0,10,24.1,1,470.3,1,1,0,0,0.26,0,33,6,Education
user_startup_222,114,6,14,33.7,2,155.28,0,1,5,0,0.67,0,47,5,SaaS
user_startup_223,83,6,25,42.5,1,158.74,0,1,4,0,0.61,0,0,10,SaaS
user_startup_224,101,30,4,9.4,1,377.1,0,1,1,0,0.62,0,55,4,SaaS
user_startup_225,71,36,1,1.5,1,424.92,0,0,4,0,0.19,0,53,4,SaaS
user_startup_226,87,43,0,0.0,1,132.25,0,0,3,1,0.13,0,20,8,Education
user_startup_227,83,25,1,1.7,1,85.55,0,2,3,3,0.41,0,35,6,Finance
user_startup_228,68,26,1,2.3,1,102.54,0,1,5,1,0.71,0,18,8,Finance
user_startup_229,42,37,2,3.2,0,0.0,1,1,5,0,0.3,1,44,5,Marketing
user_startup_230,61,8,25,70.1,1,429.85,0,1,0,0,0.43,0,19,8,Marketing
user_startup_231,69,53,2,4.2,1,383.62,0,1,0,0,0.6,0,27,7,Education
user_startup_232,128,30,2,2.2,3,697.22,0,1,3,2,0.3,0,50,5,Education
user_startup_233,141,4,20,15.1,2,151.63,0,0,4,1,0.31,0,40,6,Finance
user_startup_234,83,56,4,2.5,1,95.22,0,0,11,0,0.49,0,10,9,SaaS
user_startup_235,30,21,1,2.2,0,0.0,0,3,2,0,0.21,2,33,6,Finance
user_startup_236,88,40,4,3.5,1,105.24,0,1,4,2,0.2,0,47,5,Finance
user_startup_237,102,41,4,11.3,2,294.89,0,0,2,0,0.2,0,55,4,Marketing
user_startup_238,104,3,23,25.1,2,198.6,1,3,0,0,0.31,0,0,10,Finance
user_startup_239,81,16,4,2.4,1,396.01,0,2,7,0,0.09,0,30,7,E-commerce
user_startup_240,130,54,3,6.6,3,864.87,0,3,4,1,0.0,0,34,6,Marketing
user_startup_241,108,23,2,3.8,2,203.19,0,3,0,0,0.38,0,48,5,E-commerce
user_startup_242,90,21,2,4.4,2,438.94,0,1,1,0,0.41,0,4,9,Education
user_startup_243,80,47,0,0.0,1,334.32,0,3,0,0,0.48,0,44,5,Marketing
user_startup_244,102,17,1,1.6,2,558.79,0,0,3,0,0.06,0,26,7,Finance
user_startup_245,130,50,3,6.0,3,574.91,0,3,5,1,0.0,0,41,5,Marketing
user_startup_246,71,17,3,7.3,1,469.33,1,3,0,0,0.59,0,7,9,Education
user_startup_247,80,23,1,2.7,1,280.53,0,4,0,0,0.0,0,14,8,Finance
user_startup_248,77,31,2,3.8,1,278.42,0,7,7,1,0.49,0,31,6,Education
user_startup_249,116,33,4,6.1,2,353.53,2,1,1,0,0.54,0,0,10,SaaS
user_startup_250,125,23,0,0.0,2,162.56,1,1,5,0,0.62,0,39,6,Education
user_startup_251,72,1,14,16.5,1,141.23,0,3,1,0,0.72,0,22,7,E-commerce
user_startup_252,89,33,3,7.7,1,387.3,1,1,5,2,0.46,0,49,5,Finance
user_startup_253,91,8,18,53.8,1,321.54,0,2,5,0,0.79,0,23,7,E-commerce
user_startup_254,63,41,2,1.5,1,471.11,0,2,0,0,0.58,0,24,7,SaaS
user_startup_255,72,54,1,2.4,1,353.44,0,0,0,0,0.43,0,0,10,E-commerce
user_startup_256,129,52,4,8.2,2,188.05,0,1,5,0,0.45,0,33,6,Marketing
user_startup_257,94,39,4,11.7,1,76.08,1,2,1,0,0.15,0,25,7,Finance
user_startup_258,86,9,8,17.5,1,294.42,0,3,1,0,0.53,0,38,6,Finance
user_startup_259,62,6,15,34.6,1,435.07,0,0,0,0,0.88,0,43,5,Education
user_startup_260,58,15,2,5.6,0,0.0,1,1,5,0,0.56,2,36,6,Marketing
user_startup_261,91,11,20,27.5,2,647.59,0,2,2,0,0.31,0,47,5,Finance
user_startup_262,55,26,4,8.5,0,0.0,0,1,1,0,0.07,2,23,7,Marketing
user_startup_263,111,12,21,25.5,2,788.35,2,0,2,0,0.14,0,36,6,SaaS
user_startup_264,106,37,2,3.0,2,897.37,0,0,0,0,0.24,0,49,5,Finance
user_startup_265,42,16,2,3.2,0,0.0,1,0,1,0,0.68,1,32,6,SaaS
user_startup_266,125,27,0,0.0,3,1401.68,0,0,0,0,0.34,0,20,8,Finance
user_startup_267,141,50,1,0.7,2,401.36,0,0,5,0,0.44,0,42,5,Marketing
user_startup_268,70,6,29,52.8,1,347.62,0,0,2,0,0.12,0,9,9,Marketing
user_startup_269,67,13,5,6.7,1,409.19,0,0,1,0,0.44,0,52,4,Marketing
user_startup_270,92,59,1,1.1,1,135.84,0,0,3,4,0.63,0,48,5,Finance
user_startup_271,83,55,1,1.0,1,125.12,1,3,4,2,0.57,0,18,8,Finance
user_startup_272,73,35,2,3.2,1,86.3,1,3,2,0,0.19,0,20,8,SaaS
user_startup_273,121,3,12,26.3,2,539.64,1,1,3,2,0.51,0,4,9,Finance
user_startup_274,113,5,14,31.6,2,880.95,1,2,0,0,0.79,0,51,4,Marketing
user_startup_275,85,23,0,0.0,1,81.93,0,1,2,0,0.36,0,23,7,E-commerce
user_startup_276,82,31,3,4.4,1,168.03,2,2,0,0,0.36,0,3,9,Finance
user_startup_277,26,35,4,5.4,0,0.0,0,0,2,0,0.24,2,43,5,Finance
user_startup_278,126,30,4,4.0,2,693.03,2,1,4,1,0.57,0,48,5,Marketing
user_startup_279,29,55,4,2.9,0,0.0,1,2,1,0,0.3,0,36,6,SaaS
user_startup_280,68,7,21,28.4,1,174.77,0,0,3,0,0.7,0,13,8,Education
user_startup_281,71,47,2,5.1,1,218.75,0,1,2,0,0.22,0,19,8,Marketing
user_startup_282,76,21,2,4.3,1,441.62,0,1,4,2,0.26,0,41,5,Education
user_startup_283,90,15,0,0.0,2,219.57,0,1,0,0,0.6,0,51,4,Marketing
user_startup_284,35,53,0,0.0,0,0.0,1,3,4,3,0.38,3,12,8,E-commerce
user_startup_285,129,22,0,0.0,3,282.39,0,3,4,2,0.04,0,13,8,SaaS
user_startup_286,107,49,4,9.7,2,345.64,0,0,0,0,0.52,0,24,7,Marketing
user_startup_287,71,5,8,11.1,1,339.99,2,0,0,0,0.52,0,17,8,Marketing
user_startup_288,61,9,12,33.3,1,166.32,0,6,0,0,0.39,0,24,7,Marketing
user_startup_289,92,3,27,20.6,2,110.6,0,0,3,0,0.52,0,32,6,Education
user_startup_290,85,8,14,22.7,1,132.12,0,0,6,0,0.66,0,20,8,Finance
user_startup_291,83,54,0,0.0,1,401.21,0,2,0,0,0.52,0,44,5,SaaS
user_startup_292,35,26,4,4.3,0,0.0,0,0,0,0,0.53,1,23,7,Education
user_startup_293,67,13,20,38.3,1,51.12,0,3,2,0,0.35,0,15,8,E-commerce
user_startup_294,74,25,4,3.8,1,390.9,1,2,2,0,0.16,0,27,7,Education
user_startup_295,81,39,4,10.6,1,153.75,1,0,2,0,0.6,0,11,8,Marketing
user_startup_296,125,26,3,6.2,2,916.48,1,3,3,0,0.52,0,15,8,Education
user_startup_297,136,13,5,13.2,2,725.64,0,1,1,0,0.39,0,10,9,E-commerce
user_startup_298,99,2,14,32.5,2,342.12,0,0,0,0,0.56,0,18,8,Marketing
user_startup_299,78,3,24,26.7,1,349.41,0,1,3,0,0.29,0,32,6,SaaS
user_startup_300,85,18,0,0.0,1,446.84,0,1,4,1,0.58,0,0,10,Education
user_startup_301,63,12,20,32.3,1,169.89,0,1,5,0,0.53,0,19,8,Finance
user_startup_302,84,28,2,5.9,1,462.75,1,2,1,0,0.29,0,14,8,Marketing
user_startup_303,109,43,1,1.7,1,249.77,1,4,0,0,0.38,0,65,3,E-commerce
user_startup_304,128,50,4,5.2,3,318.54,1,0,1,0,0.44,0,39,6,Education
user_startup_305,74,10,29,79.8,1,390.61,0,0,0,0,0.64,0,0,10,Finance
user_startup_306,81,6,7,19.7,1,395.92,2,3,0,0,0.35,0,6,9,SaaS
user_startup_307,104,25,2,3.4,1,325.86,0,1,2,0,0.42,0,33,6,Finance
user_startup_308,19,21,3,5.9,0,0.0,0,0,3,1,0.24,1,21,7,Education
user_startup_309,91,15,4,3.7,1,210.79,1,0,1,0,0.04,0,24,7,SaaS
user_startup_310,100,25,0,0.0,1,162.31,1,0,1,0,0.12,0,10,9,Marketing
user_startup_311,88,6,8,11.5,1,394.89,0,2,3,0,0.28,0,35,6,Finance
user_startup_312,81,16,1,1.5,1,362.45,0,0,3,2,0.5,0,29,7,Education
user_startup_313,123,26,0,0.0,2,757.31,1,0,5,1,0.62,0,36,6,E-commerce
user_startup_314,52,3,14,15.2,0,0.0,1,1,3,3,0.39,0,33,6,Education
user_startup_315,121,0,8,14.9,3,490.23,2,2,1,0,0.42,0,25,7,SaaS
user_startup_316,94,11,29,19.2,1,126.62,0,3,3,3,0.01,0,12,8,E-commerce
user_startup_317,121,35,1,2.8,2,992.79,2,0,1,0,0.53,0,19,8,Marketing
user_startup_318,147,19,0,0.0,2,476.73,0,1,2,0,0.24,0,18,8,SaaS
user_startup_319,139,36,3,8.5,2,380.91,0,0,4,1,0.42,0,32,6,E-commerce
user_startup_320,73,49,2,3.3,1,374.37,0,3,1,0,0.22,0,11,8,Education
user_startup_321,47,30,1,2.5,0,0.0,0,0,1,0,0.37,1,30,7,E-commerce
user_startup_322,154,21,1,0.6,4,1184.04,1,5,3,2,0.45,0,25,7,Marketing
user_startup_323,62,56,2,5.3,1,216.44,0,1,1,0,0.54,0,29,7,Finance
user_startup_324,66,22,4,8.7,1,478.7,0,2,3,0,0.17,0,25,7,Finance
user_startup_325,84,28,3,3.4,1,389.94,0,0,1,0,0.44,0,46,5,E-commerce
user_startup_326,87,0,17,17.5,1,360.92,0,0,4,0,0.68,0,20,8,SaaS
user_startup_327,109,19,1,0.7,1,178.3,0,3,3,1,0.06,0,38,6,Education
user_startup_328,154,9,13,21.7,3,967.18,0,4,3,2,0.52,0,24,7,SaaS
user_startup_329,62,54,0,0.0,1,139.32,0,0,1,0,0.61,0,59,4,Education
user_startup_330,71,9,12,27.1,1,186.92,0,2,4,0,0.09,0,36,6,Education
user_startup_331,115,33,2,5.5,1,173.28,0,4,3,0,0.75,0,46,5,Education
user_startup_332,68,13,10,5.6,1,264.73,0,4,2,0,0.22,0,45,5,Education
user_startup_333,96,38,3,6.2,2,313.24,0,0,4,1,0.5,0,48,5,Education
user_startup_334,78,34,1,0.8,1,375.96,0,0,0,0,0.39,0,42,5,Finance
user_startup_335,140,20,0,0.0,3,241.39,0,0,3,0,0.58,0,8,9,Education
user_startup_336,93,1,21,41.3,1,114.07,1,1,5,2,0.37,0,3,9,SaaS
user_startup_337,42,28,1,2.0,0,0.0,0,0,0,0,0.35,4,14,8,E-commerce
user_startup_338,112,18,2,1.5,2,343.59,0,1,4,2,0.32,0,33,6,SaaS
user_startup_339,89,21,0,0.0,1,54.38,0,4,3,2,0.34,0,20,8,Marketing
user_startup_340,57,56,0,0.0,0,0.0,0,1,2,0,0.28,2,27,7,Education
user_startup_341,66,17,1,2.0,1,426.64,0,3,1,0,0.71,0,36,6,Marketing
user_startup_342,147,54,4,7.1,2,419.69,0,3,1,0,0.56,0,47,5,Education
user_startup_343,87,54,2,1.7,1,70.37,2,3,2,0,0.28,0,44,5,Marketing
user_startup_344,118,10,15,29.8,2,719.07,0,3,2,0,0.08,0,28,7,Finance
user_startup_345,117,9,10,14.4,2,311.26,0,3,4,0,0.45,0,17,8,Finance
user_startup_346,109,43,2,1.9,1,113.32,0,2,1,0,0.26,0,32,6,Marketing
user_startup_347,64,25,3,5.4,1,67.87,0,1,4,1,0.78,0,24,7,Education
user_startup_348,73,43,3,1.8,1,352.39,1,1,2,0,0.66,0,37,6,SaaS
user_startup_349,70,52,3,7.7,1,474.8,0,0,2,0,0.5,0,46,5,Marketing
user_startup_350,56,43,1,0.5,0,0.0,0,0,4,1,0.62,0,32,6,SaaS
user_startup_351,64,56,1,1.0,1,130.87,0,1,5,1,0.54,0,46,5,E-commerce
user_startup_352,128,33,4,5.7,2,679.82,0,0,4,2,0.0,0,36,6,E-commerce
user_startup_353,99,54,1,1.9,1,245.98,0,2,4,2,0.34,0,14,8,SaaS
user_startup_354,42,51,4,9.9,0,0.0,0,2,0,0,0.59,0,40,6,Education
user_startup_355,81,30,2,3.5,1,211.9,2,1,5,0,0.42,0,47,5,Finance
user_startup_356,123,38,2,4.4,2,604.43,0,0,2,0,0.3,0,25,7,E-commerce
user_startup_357,99,31,3,8.8,2,856.95,0,0,4,1,0.44,0,13,8,E-commerce
user_startup_358,97,48,0,0.0,2,275.76,0,1,4,2,0.0,0,30,7,E-commerce
user_startup_359,71,40,2,1.6,1,355.73,1,0,3,0,0.26,0,24,7,Marketing
user_startup_360,96,4,25,70.9,2,228.79,0,2,3,1,0.13,0,21,7,Finance
user_startup_361,173,40,3,4.1,4,1811.99,2,4,1,0,0.83,0,60,4,SaaS
user_startup_362,87,4,13,38.4,1,147.23,0,5,4,1,0.25,0,45,5,Marketing
user_startup_363,78,41,0,0.0,1,174.7,0,2,0,0,0.72,0,33,6,SaaS
user_startup_364,99,59,4,10.8,2,199.86,0,3,0,0,0.18,0,31,6,E-commerce
user_startup_365,85,51,4,11.8,1,352.21,0,4,1,0,0.45,0,0,10,E-commerce
user_startup_366,77,32,2,2.4,1,362.12,0,1,0,0,0.38,0,35,6,E-commerce
user_startup_367,142,48,3,4.2,2,830.13,0,0,4,1,0.21,0,33,6,Marketing
user_startup_368,79,43,4,9.0,1,271.26,0,1,0,0,0.56,0,23,7,Marketing
user_startup_369,94,6,18,29.8,2,244.35,0,0,3,4,0.28,0,36,6,SaaS
user_startup_370,97,42,4,10.0,1,281.71,1,0,4,2,0.13,0,14,8,E-commerce
user_startup_371,91,54,2,1.7,2,710.25,0,0,1,0,0.32,0,3,9,SaaS
user_startup_372,94,7,24,64.3,2,929.3,1,2,2,0,0.35,0,73,2,Marketing
user_startup_373,53,13,18,14.3,0,0.0,0,0,2,0,0.6,1,29,7,SaaS
user_startup_374,135,16,3,5.4,3,200.75,0,1,2,0,0.5,0,45,5,SaaS
user_startup_375,126,3,22,29.0,2,556.98,1,0,1,0,0.23,0,17,8,E-commerce
user_startup_376,100,27,2,3.9,2,296.3,0,1,3,2,0.29,0,23,7,SaaS
user_startup_377,90,48,0,0.0,2,744.47,0,1,4,1,0.48,0,25,7,SaaS
user_startup_378,76,48,0,0.0,1,86.55,0,0,0,0,0.29,0,28,7,Marketing
user_startup_379,65,1,16,11.1,1,143.32,2,1,0,0,0.51,0,25,7,SaaS
user_startup_380,178,49,2,3.1,3,1472.8,1,0,4,2,0.43,0,29,7,E-commerce
user_startup_381,106,54,1,2.8,2,188.32,0,1,5,0,0.18,0,11,8,Marketing
user_startup_382,97,4,7,14.6,2,161.34,0,0,4,1,0.34,0,46,5,Finance
user_startup_383,67,52,2,1.4,1,228.1,1,2,1,0,0.46,0,46,5,Finance
user_startup_384,140,31,0,0.0,2,875.56,0,0,0,0,0.65,0,17,8,Marketing
user_startup_385,59,2,29,46.1,0,0.0,0,2,1,0,0.7,1,0,10,E-commerce
user_startup_386,92,4,21,34.9,2,586.59,0,2,0,0,0.61,0,31,6,SaaS
user_startup_387,73,54,2,2.5,1,420.4,0,2,0,0,0.35,0,0,10,SaaS
user_startup_388,103,54,1,1.3,1,94.79,1,4,0,0,0.21,0,19,8,E-commerce
user_startup_389,136,1,22,32.2,2,808.76,1,1,1,0,0.53,0,26,7,SaaS
user_startup_390,74,29,3,7.8,1,62.62,0,0,2,0,0.35,0,30,7,Education
user_startup_391,21,49,0,0.0,0,0.0,1,3,1,0,0.15,1,28,7,SaaS
user_startup_392,98,27,4,5.8,1,481.94,0,1,5,0,0.27,0,39,6,Finance
user_startup_393,92,7,29,45.6,2,314.12,0,4,5,1,0.47,0,20,8,SaaS
user_startup_394,96,47,1,2.3,1,63.29,0,3,1,0,0.11,0,28,7,SaaS
user_startup_395,92,12,28,31.1,1,420.44,0,1,0,0,0.56,0,34,6,SaaS
user_startup_396,50,26,3,4.4,0,0.0,1,0,0,0,0.53,1,53,4,E-commerce
user_startup_397,51,11,9,11.6,0,0.0,0,1,3,1,0.5,1,47,5,E-commerce
user_startup_398,153,19,0,0.0,2,531.65,0,3,4,1,0.07,0,39,6,Education
user_startup_399,74,12,11,24.0,1,486.17,2,2,3,0,0.92,0,44,5,Education
user_startup_400,119,49,3,6.1,2,144.77,0,4,1,0,0.43,0,55,4,Education
user_startup_401,54,36,0,0.0,0,0.0,0,3,2,0,0.46,1,49,5,Finance
user_startup_402,69,35,0,0.0,1,225.81,1,1,3,0,0.7,0,9,9,Education
user_startup_403,70,2,20,58.2,1,100.04,0,4,0,0,0.4,0,19,8,SaaS
user_startup_404,56,58,3,1.8,0,0.0,0,0,1,0,0.47,0,42,5,E-commerce
user_startup_405,109,9,9,17.4,2,768.39,1,1,0,0,0.06,0,41,5,SaaS
user_startup_406,96,4,23,41.8,1,154.97,0,2,4,2,0.3,0,31,6,E-commerce
user_startup_407,3,13,10,27.8,0,0.0,1,2,4,2,0.01,1,40,6,E-commerce
user_startup_408,141,17,2,2.3,2,380.31,0,5,5,3,0.24,0,30,7,Finance
user_startup_409,82,25,1,1.6,1,487.52,0,0,2,0,0.46,0,28,7,Finance
user_startup_410,115,13,9,19.9,2,500.67,0,2,0,0,0.12,0,30,7,Finance
user_startup_411,140,11,11,21.0,3,539.37,0,3,2,0,0.69,0,30,7,Marketing
user_startup_412,55,1,17,38.1,0,0.0,1,4,0,0,0.48,0,37,6,Finance
user_startup_413,104,19,3,4.0,2,398.89,0,5,3,3,0.25,0,12,8,Finance
user_startup_414,70,51,3,6.4,1,100.62,0,3,5,3,0.27,0,42,5,Finance
user_startup_415,64,54,0,0.0,1,228.54,3,0,2,0,0.44,0,14,8,Marketing
user_startup_416,119,55,3,5.0,1,293.68,1,0,3,0,0.0,0,40,6,Finance
user_startup_417,81,1,17,47.9,1,231.59,0,2,3,2,0.32,0,44,5,Education
user_startup_418,77,25,3,2.4,1,385.45,0,0,2,0,0.25,0,52,4,Marketing
user_startup_419,63,20,2,5.9,1,453.76,2,0,2,0,0.05,0,17,8,Finance
user_startup_420,113,8,22,32.0,2,684.96,0,0,1,0,0.26,0,24,7,Finance
user_startup_421,80,43,4,3.9,1,71.83,1,0,1,0,0.73,0,0,10,SaaS
user_startup_422,97,29,4,5.8,2,633.44,0,3,4,0,0.77,0,28,7,E-commerce
user_startup_423,49,36,4,5.2,0,0.0,1,1,1,0,0.4,0,20,8,Education
user_startup_424,64,19,1,0.6,1,269.81,0,2,3,0,0.42,0,54,4,Finance
user_startup_425,86,15,1,1.9,1,226.82,1,1,5,2,0.54,0,45,5,SaaS
user_startup_426,70,45,4,7.6,1,129.2,0,3,0,0,0.46,0,0,10,E-commerce
user_startup_427,116,36,1,2.8,2,419.23,0,3,3,0,0.51,0,28,7,Education
user_startup_428,72,44,2,5.1,1,440.63,1,2,2,0,0.23,0,11,8,Finance
user_startup_429,80,11,20,14.2,1,345.27,0,1,3,2,0.52,0,18,8,SaaS
user_startup_430,105,26,0,0.0,2,339.98,1,0,1,0,0.19,0,6,9,SaaS
user_startup_431,56,55,0,0.0,0,0.0,0,4,1,0,0.45,2,25,7,Marketing
user_startup_432,111,47,0,0.0,2,396.21,0,0,0,0,0.52,0,49,5,Marketing
user_startup_433,111,18,1,2.5,2,134.74,1,1,2,0,0.49,0,37,6,E-commerce
user_startup_434,122,1,17,34.8,2,172.49,0,3,7,0,0.44,0,32,6,Finance
user_startup_435,76,59,2,3.4,1,327.06,0,1,2,0,0.52,0,41,5,SaaS
user_startup_436,68,40,2,5.9,1,135.33,0,0,2,0,0.36,0,25,7,Education
user_startup_437,78,35,3,1.5,1,209.93,2,1,0,0,0.51,0,49,5,SaaS
user_startup_438,88,20,3,2.1,1,405.27,0,0,3,0,0.53,0,49,5,E-commerce
user_startup_439,100,44,2,5.9,2,319.51,0,2,6,1,0.33,0,18,8,Education
user_startup_440,149,47,4,3.3,3,665.29,1,1,5,5,0.37,0,27,7,Finance
user_startup_441,133,12,11,23.0,3,1118.08,1,1,0,0,0.32,0,11,8,Marketing
user_startup_442,173,37,0,0.0,4,1549.73,1,2,2,0,0.0,0,25,7,SaaS
user_startup_443,132,30,0,0.0,2,374.99,0,1,4,1,0.2,0,36,6,E-commerce
user_startup_444,118,28,4,10.4,2,255.07,0,4,0,0,0.69,0,35,6,E-commerce
user_startup_445,89,10,17,47.1,1,329.36,0,1,0,0,0.65,0,32,6,E-commerce
user_startup_446,77,9,28,47.1,1,435.31,0,2,5,2,0.45,0,36,6,Marketing
user_startup_447,73,57,3,4.3,1,391.58,1,0,1,0,0.36,0,21,7,Education
user_startup_448,103,37,3,3.9,2,496.85,0,1,5,0,0.51,0,44,5,SaaS
user_startup_449,59,50,4,9.2,0,0.0,0,3,1,0,0.59,2,35,6,Marketing
user_startup_450,120,7,23,28.9,3,327.47,0,2,4,0,0.41,0,0,10,Finance
user_startup_451,50,31,0,0.0,0,0.0,0,2,0,0,0.56,1,49,5,SaaS
user_startup_452,109,33,2,5.2,2,574.96,0,5,3,1,0.54,0,62,3,Marketing
user_startup_453,96,13,9,24.0,2,865.88,0,0,2,0,0.6,0,33,6,SaaS
user_startup_454,121,17,1,0.6,3,312.01,0,0,6,0,0.55,0,46,5,E-commerce
user_startup_455,103,29,1,0.6,2,262.64,0,3,3,1,0.47,0,41,5,E-commerce
user_startup_456,48,51,1,1.8,0,0.0,0,3,0,0,0.43,1,8,9,Marketing
user_startup_457,140,44,0,0.0,2,560.67,0,0,0,0,0.33,0,26,7,Education
user_startup_458,115,54,1,1.3,2,476.31,0,2,1,0,0.49,0,43,5,E-commerce
user_startup_459,117,15,4,8.3,2,908.8,0,3,3,2,0.45,0,14,8,Finance
user_startup_460,59,49,1,1.0,0,0.0,0,2,2,0,0.75,1,36,6,E-commerce
user_startup_461,37,23,0,0.0,0,0.0,0,6,3,1,0.34,1,46,5,Education
user_startup_462,63,32,2,2.7,1,189.22,0,0,2,0,0.24,0,62,3,Marketing
user_startup_463,92,37,3,6.3,2,679.85,0,2,9,0,0.57,0,46,5,E-commerce
user_startup_464,152,53,0,0.0,3,341.71,0,4,0,0,0.75,0,6,9,SaaS
user_startup_465,85,8,7,17.7,1,359.45,0,4,1,0,0.48,0,43,5,Marketing
user_startup_466,65,34,3,3.5,1,331.49,0,1,1,0,0.07,0,10,9,Marketing
user_startup_467,137,27,2,3.1,2,453.86,0,2,3,0,0.28,0,39,6,Finance
user_startup_468,75,7,14,18.7,1,184.38,2,1,1,0,0.78,0,29,7,SaaS
user_startup_469,96,59,3,1.9,2,477.96,0,4,0,0,0.65,0,32,6,SaaS
user_startup_470,64,13,8,15.6,1,453.33,1,4,3,1,0.26,0,28,7,E-commerce
user_startup_471,92,7,6,6.7,2,877.52,1,1,2,0,0.61,0,39,6,Finance
user_startup_472,28,3,19,39.6,0,0.0,0,1,1,0,0.29,1,20,8,SaaS
user_startup_473,95,47,4,4.6,1,269.57,0,0,4,1,0.06,0,18,8,E-commerce
user_startup_474,94,13,27,41.0,2,493.64,0,1,0,0,0.51,0,43,5,Marketing
user_startup_475,112,26,1,2.0,2,985.88,0,1,0,0,0.6,0,62,3,SaaS
user_startup_476,58,29,3,6.3,0,0.0,0,2,5,0,0.18,2,35,6,Finance
user_startup_477,85,15,0,0.0,1,386.77,0,2,4,1,0.65,0,49,5,Education
user_startup_478,145,31,1,1.8,3,1442.1,1,2,3,0,0.44,0,13,8,Finance
user_startup_479,50,3,16,18.4,0,0.0,1,0,0,0,0.13,0,22,7,Marketing
user_startup_480,107,31,4,9.0,2,896.92,0,0,4,1,0.24,0,12,8,E-commerce
user_startup_481,82,43,1,2.0,1,89.34,0,2,0,0,0.64,0,23,7,Finance
user_startup_482,131,9,9,10.1,3,1351.12,1,2,4,1,0.34,0,0,10,Marketing
user_startup_483,113,21,1,0.6,1,404.93,3,4,4,0,0.3,0,4,9,Education
user_startup_484,93,8,28,54.3,1,238.55,0,2,4,1,0.36,0,22,7,Finance
user_startup_485,127,9,7,4.2,3,1137.48,0,4,4,0,0.02,0,37,6,SaaS
user_startup_486,104,13,13,24.7,2,855.66,0,0,2,0,0.23,0,24,7,SaaS
user_startup_487,91,23,3,4.4,2,631.85,2,0,2,0,0.37,0,11,8,SaaS
user_startup_488,136,7,19,37.1,2,347.2,2,1,1,0,0.11,0,27,7,Marketing
user_startup_489,66,54,0,0.0,1,419.72,0,2,3,3,0.14,0,37,6,E-commerce
user_startup_490,54,2,25,32.1,0,0.0,0,3,4,1,0.06,0,56,4,SaaS
user_startup_491,47,57,4,4.4,0,0.0,0,0,0,0,0.42,1,27,7,Marketing
user_startup_492,83,58,4,9.0,1,448.98,0,1,7,0,0.49,0,39,6,Finance
user_startup_493,69,15,4,6.2,1,192.5,0,3,2,0,0.09,0,33,6,E-commerce
user_startup_494,68,42,0,0.0,1,442.51,0,0,4,1,0.39,0,23,7,Marketing
user_startup_495,62,16,2,2.9,1,259.55,0,0,3,1,0.51,0,46,5,E-commerce
user_startup_496,82,30,0,0.0,1,477.39,0,2,1,0,0.37,0,25,7,Marketing
user_startup_497,122,39,2,5.7,3,292.03,0,1,5,4,0.24,0,41,5,SaaS
user_startup_498,53,58,2,5.2,0,0.0,0,1,2,0,0.45,1,41,5,E-commerce
user_startup_499,81,48,0,0.0,1,279.53,0,2,1,0,0.55,0,24,7,SaaS
user_startup_500,74,40,3,5.9,1,330.38,1,0,0,0,0.73,0,46,5,SaaS
user_startup_501,49,45,1,1.6,0,0.0,0,2,4,1,0.4,2,29,7,Education
user_startup_502,59,19,3,1.7,0,0.0,0,0,5,2,0.49,0,44,5,E-commerce
user_startup_503,101,33,3,4.8,2,716.05,0,0,3,0,0.32,0,4,9,Marketing
user_startup_504,67,23,4,6.5,1,158.96,2,5,3,1,0.44,0,35,6,Education
user_startup_505,119,29,2,1.8,2,818.25,0,0,4,2,0.51,0,10,9,E-commerce
user_startup_506,54,3,5,6.1,0,0.0,1,0,2,0,0.32,3,32,6,SaaS
user_startup_507,79,34,0,0.0,1,111.69,0,1,1,0,0.71,0,54,4,Marketing
user_startup_508,76,37,0,0.0,1,390.21,0,1,2,0,0.6,0,23,7,Marketing
user_startup_509,60,22,4,7.8,1,423.84,0,0,0,0,0.54,0,45,5,Finance
user_startup_510,89,24,1,1.9,1,285.81,0,6,2,0,0.36,0,24,7,SaaS
user_startup_511,93,7,21,55.8,2,431.86,0,4,7,1,0.14,0,4,9,Education
user_startup_512,134,41,1,2.0,3,1090.38,0,4,3,0,0.4,0,6,9,Marketing
user_startup_513,52,6,24,55.0,0,0.0,1,0,3,1,0.09,1,48,5,Finance
user_startup_514,31,44,2,3.8,0,0.0,0,2,1,0,0.5,0,24,7,Education
user_startup_515,105,11,13,19.1,2,353.3,0,5,1,0,0.4,0,0,10,Finance
user_startup_516,151,48,4,9.9,3,1195.38,0,0,2,0,0.4,0,49,5,E-commerce
user_startup_517,44,29,3,2.7,0,0.0,1,1,1,0,0.32,0,35,6,E-commerce
user_startup_518,44,12,27,28.1,0,0.0,1,2,0,0,0.6,1,28,7,Education
user_startup_519,143,55,3,4.6,3,1193.9,0,1,2,0,0.37,0,48,5,Education
user_startup_520,119,32,4,3.1,2,978.95,0,1,0,0,0.11,0,18,8,E-commerce
user_startup_521,88,45,3,7.9,1,110.86,0,1,6,0,0.36,0,12,8,E-commerce
user_startup_522,79,2,8,11.0,1,293.72,0,1,2,0,0.22,0,14,8,Education
user_startup_523,73,44,3,7.6,1,480.89,0,1,0,0,0.15,0,25,7,Finance
user_startup_524,104,27,0,0.0,2,126.6,0,2,5,1,0.78,0,38,6,SaaS
user_startup_525,75,49,0,0.0,1,336.0,0,2,2,0,0.75,0,21,7,Finance
user_startup_526,112,53,2,3.3,1,289.32,0,2,0,0,0.34,0,15,8,Marketing
user_startup_527,105,2,13,37.9,2,291.23,1,2,2,0,0.28,0,16,8,Finance
user_startup_528,38,41,0,0.0,0,0.0,0,1,1,0,0.64,0,26,7,Marketing
user_startup_529,77,4,11,22.8,1,413.44,1,2,4,2,0.04,0,33,6,E-commerce
user_startup_530,136,12,13,14.6,2,187.72,0,3,4,0,0.5,0,63,3,Marketing
user_startup_531,137,4,6,5.2,2,931.28,3,3,2,0,0.21,0,25,7,Education
user_startup_532,35,52,2,1.4,0,0.0,0,0,0,0,0.06,3,40,6,Marketing
user_startup_533,26,3,24,62.0,0,0.0,0,1,2,0,0.59,0,29,7,SaaS
user_startup_534,152,49,1,2.3,2,502.43,0,0,1,0,0.06,0,37,6,Marketing
user_startup_535,82,25,0,0.0,1,303.18,0,0,3,2,0.46,0,30,7,Finance
user_startup_536,82,49,2,1.4,1,393.14,0,3,0,0,0.38,0,10,9,SaaS
user_startup_537,106,55,1,2.1,1,169.52,0,0,2,0,0.52,0,11,8,Education
user_startup_538,111,26,3,8.2,2,679.58,1,3,4,2,0.66,0,44,5,Education
user_startup_539,62,12,11,27.7,1,342.4,0,2,3,1,0.48,0,20,8,Finance
user_startup_540,108,24,4,3.3,2,960.39,1,4,5,1,0.32,0,51,4,Marketing
user_startup_541,61,7,25,42.5,1,258.76,0,5,0,0,0.13,0,36,6,E-commerce
user_startup_542,115,10,25,55.5,1,243.83,0,4,1,0,0.34,0,16,8,E-commerce
user_startup_543,72,21,3,2.8,1,377.4,3,4,1,0,0.46,0,46,5,Finance
user_startup_544,86,41,0,0.0,1,63.35,0,3,4,0,0.0,0,5,9,Marketing
user_startup_545,56,35,3,5.8,0,0.0,0,3,2,0,0.6,0,5,9,Education
user_startup_546,96,50,4,11.8,2,588.65,0,0,4,0,0.41,0,30,7,Marketing
user_startup_547,121,6,26,76.7,3,706.52,1,1,0,0,0.07,0,33,6,SaaS
user_startup_548,44,8,7,11.7,0,0.0,0,4,2,0,0.61,2,29,7,Finance
user_startup_549,119,31,4,10.6,2,204.46,0,0,3,0,0.82,0,51,4,Marketing
user_startup_550,94,4,6,15.8,1,388.75,1,0,5,0,0.25,0,29,7,Marketing
user_startup_551,84,16,3,7.6,1,129.57,0,3,0,0,0.31,0,46,5,Finance
user_startup_552,62,48,2,2.1,1,449.56,0,0,0,0,0.14,0,40,6,Marketing
user_startup_553,97,50,1,0.5,2,606.13,0,3,4,1,0.38,0,23,7,Education
user_startup_554,98,37,0,0.0,2,329.78,0,0,4,5,0.22,0,16,8,Marketing
user_startup_555,61,1,12,32.0,1,131.71,1,5,6,1,0.51,0,15,8,Education
user_startup_556,55,15,4,11.1,0,0.0,0,1,1,0,0.64,1,5,9,Marketing
user_startup_557,35,5,20,11.1,0,0.0,0,0,1,0,0.2,0,37,6,Marketing
user_startup_558,100,23,0,0.0,2,931.38,0,1,7,2,0.5,0,59,4,Finance
user_startup_559,106,22,1,2.8,1,147.32,0,1,2,0,0.74,0,14,8,Marketing
user_startup_560,56,21,3,6.4,0,0.0,0,0,2,0,0.43,1,20,8,Finance
user_startup_561,70,3,5,12.6,1,274.0,0,0,3,2,0.5,0,24,7,Marketing
user_startup_562,42,46,1,0.5,0,0.0,0,3,0,0,0.42,1,42,5,E-commerce
user_startup_563,55,35,0,0.0,0,0.0,0,0,4,0,0.38,0,29,7,E-commerce
user_startup_564,88,12,21,34.7,1,215.27,0,4,5,0,0.38,0,39,6,Education
user_startup_565,97,57,0,0.0,2,161.85,0,1,3,0,0.3,0,46,5,E-commerce
user_startup_566,90,10,11,11.1,2,993.72,0,6,1,0,0.13,0,6,9,Marketing
user_startup_567,53,35,3,8.0,0,0.0,0,3,0,0,0.72,2,45,5,Finance
user_startup_568,69,42,3,5.2,1,82.25,0,4,0,0,0.72,0,0,10,Marketing
user_startup_569,121,24,0,0.0,2,616.15,0,6,4,2,0.09,0,24,7,Finance
user_startup_570,64,41,0,0.0,1,121.49,1,0,6,1,0.54,0,13,8,E-commerce
user_startup_571,90,11,25,54.0,2,825.14,0,0,2,0,0.13,0,33,6,E-commerce
user_startup_572,97,19,0,0.0,1,164.83,0,0,6,0,0.26,0,20,8,SaaS
user_startup_573,74,17,3,7.8,1,275.42,0,0,3,1,0.55,0,51,4,Education
user_startup_574,138,10,9,15.3,3,909.85,0,0,1,0,0.51,0,40,6,Education
user_startup_575,38,1,21,37.0,0,0.0,0,3,3,1,0.6,0,29,7,Education
user_startup_576,85,56,4,7.3,1,493.48,0,6,0,0,0.27,0,40,6,SaaS
user_startup_577,120,8,24,49.6,3,161.14,0,2,0,0,0.23,0,10,9,Marketing
user_startup_578,75,17,0,0.0,1,94.16,0,3,1,0,0.55,0,36,6,Finance
user_startup_579,104,31,0,0.0,2,367.88,0,1,1,0,0.02,0,33,6,Finance
user_startup_580,55,55,2,2.5,0,0.0,0,1,3,0,0.52,2,11,8,SaaS
user_startup_581,121,26,3,5.0,2,211.23,1,3,1,0,0.4,0,58,4,Finance
user_startup_582,86,11,26,49.2,1,392.3,0,1,4,1,0.68,0,40,6,Education
user_startup_583,57,2,11,14.9,0,0.0,0,1,0,0,0.36,1,30,7,SaaS
user_startup_584,118,46,0,0.0,2,775.05,2,0,3,0,0.25,0,42,5,Education
user_startup_585,120,15,3,6.0,3,1394.36,0,0,4,1,0.3,0,35,6,Marketing
user_startup_586,114,10,6,5.4,1,430.75,0,0,2,0,0.65,0,60,4,Marketing
user_startup_587,67,13,23,33.8,1,426.68,1,2,2,0,0.23,0,9,9,Marketing
user_startup_588,96,34,0,0.0,2,187.16,0,0,4,0,0.23,0,39,6,E-commerce
user_startup_589,127,58,1,1.6,3,1024.17,1,0,4,3,0.23,0,18,8,SaaS
user_startup_590,97,36,4,4.6,2,582.42,2,2,2,0,0.81,0,50,5,SaaS
user_startup_591,117,13,12,17.0,2,714.07,2,3,0,0,0.49,0,24,7,SaaS
user_startup_592,35,1,25,25.8,0,0.0,0,5,0,0,0.84,0,26,7,E-commerce
user_startup_593,98,13,18,20.5,1,182.62,0,2,4,0,0.27,0,20,8,E-commerce
user_startup_594,67,41,0,0.0,1,419.0,0,0,5,1,0.0,0,23,7,SaaS
user_startup_595,55,38,1,1.4,0,0.0,0,4,0,0,0.56,0,24,7,Education
user_startup_596,72,13,25,48.1,1,435.23,1,0,0,0,0.31,0,51,4,Marketing
user_startup_597,121,13,23,55.6,2,795.88,0,1,2,0,0.22,0,21,7,SaaS
user_startup_598,91,23,4,7.0,2,630.0,1,0,0,0,0.27,0,17,8,Finance
user_startup_599,86,17,1,1.0,1,404.72,0,2,0,0,0.62,0,50,5,Education
user_startup_600,129,54,3,3.7,2,408.12,0,1,4,0,0.18,0,8,9,E-commerce
user_startup_601,95,28,1,2.4,2,514.22,0,1,3,1,0.29,0,11,8,Education
user_startup_602,92,26,0,0.0,1,186.08,2,2,3,3,0.61,0,11,8,Marketing
user_startup_603,125,47,0,0.0,2,217.08,0,0,7,1,0.36,0,36,6,E-commerce
user_startup_604,80,0,10,26.8,1,270.98,0,2,3,1,0.43,0,18,8,Finance
user_startup_605,76,42,1,0.6,1,473.23,0,1,3,0,0.64,0,26,7,E-commerce
user_startup_606,53,54,1,2.1,0,0.0,0,0,1,0,0.17,2,34,6,SaaS
user_startup_607,155,8,13,37.5,4,1899.09,0,0,1,0,0.54,0,8,9,E-commerce
user_startup_608,111,6,17,12.2,1,158.13,1,2,3,0,0.42,0,69,3,Finance
user_startup_609,118,36,0,0.0,2,204.63,0,4,0,0,0.6,0,10,9,Marketing
user_startup_610,83,49,4,11.3,1,56.09,0,3,7,0,0.61,0,31,6,SaaS
user_startup_611,84,34,4,10.9,1,257.98,2,2,4,1,0.37,0,48,5,Education
user_startup_612,85,6,23,43.8,1,313.98,0,2,7,3,0.46,0,26,7,Marketing
user_startup_613,90,42,0,0.0,2,175.14,1,3,3,6,0.54,0,16,8,Education
user_startup_614,113,51,4,2.6,1,152.38,0,0,3,0,0.42,0,25,7,Finance
user_startup_615,85,35,2,4.8,1,259.97,0,3,1,0,0.29,0,0,10,E-commerce
user_startup_616,35,49,4,6.7,0,0.0,0,1,6,0,0.81,2,39,6,Marketing
user_startup_617,19,21,3,5.5,0,0.0,0,2,0,0,0.49,0,37,6,Marketing
user_startup_618,65,55,0,0.0,1,72.17,0,0,2,0,0.39,0,45,5,Education
user_startup_619,93,16,0,0.0,2,460.29,0,4,1,0,0.4,0,7,9,Finance
user_startup_620,85,29,0,0.0,1,314.76,0,3,5,4,0.37,0,17,8,E-commerce
user_startup_621,47,38,3,7.5,0,0.0,0,1,0,0,0.24,0,3,9,SaaS
user_startup_622,65,11,15,9.9,1,359.55,0,3,4,1,0.3,0,53,4,Education
user_startup_623,68,30,2,2.5,1,235.19,0,0,4,0,0.28,0,50,5,SaaS
user_startup_624,75,37,4,6.1,1,295.28,0,1,3,2,0.47,0,9,9,Education
user_startup_625,145,24,2,2.5,2,255.97,0,1,1,0,0.45,0,22,7,Finance
user_startup_626,131,29,4,10.3,2,713.15,0,1,6,1,0.19,0,36,6,E-commerce
user_startup_627,126,3,29,56.7,2,155.08,0,3,1,0,0.34,0,50,5,Marketing
user_startup_628,116,45,3,2.2,2,657.63,0,0,3,1,0.25,0,20,8,SaaS
user_startup_629,103,30,0,0.0,2,864.42,1,1,3,0,0.61,0,52,4,E-commerce
user_startup_630,79,23,2,1.3,1,225.55,3,0,1,0,0.34,0,30,7,Education
user_startup_631,62,16,3,2.2,1,232.45,1,1,0,0,0.23,0,29,7,Marketing
user_startup_632,68,48,0,0.0,1,119.35,3,0,1,0,0.37,0,25,7,Education
user_startup_633,103,7,15,18.5,1,140.92,0,0,4,0,0.0,0,34,6,E-commerce
user_startup_634,71,33,0,0.0,1,256.93,0,1,3,2,0.16,0,59,4,E-commerce
user_startup_635,84,3,20,12.2,1,477.31,0,1,0,0,0.36,0,3,9,SaaS
user_startup_636,128,52,4,9.9,2,253.34,0,0,4,1,0.54,0,27,7,E-commerce
user_startup_637,41,12,13,21.8,0,0.0,0,4,2,0,0.48,3,27,7,Finance
user_startup_638,113,16,0,0.0,1,73.84,0,0,3,0,0.37,0,39,6,Finance
user_startup_639,148,22,1,1.3,2,736.68,0,6,4,1,0.32,0,19,8,SaaS
user_startup_640,56,52,3,2.2,0,0.0,0,3,3,1,0.52,2,30,7,Education
user_startup_641,74,3,11,23.1,1,222.56,0,0,2,0,0.44,0,27,7,Marketing
user_startup_642,93,8,18,39.7,2,741.34,3,1,2,0,0.31,0,39,6,Marketing
user_startup_643,108,28,4,9.5,2,339.94,0,0,1,0,0.77,0,27,7,Marketing
user_startup_644,82,16,2,3.2,1,292.91,0,0,3,0,0.58,0,32,6,E-commerce
user_startup_645,113,9,5,10.2,1,455.15,0,4,7,1,0.37,0,41,5,Education
user_startup_646,84,55,2,2.9,1,496.31,0,3,1,0,0.17,0,25,7,Education
user_startup_647,81,32,4,10.8,1,111.54,0,1,0,0,0.55,0,39,6,Education
user_startup_648,67,44,0,0.0,1,349.09,1,3,3,3,0.62,0,18,8,Marketing
user_startup_649,80,33,2,3.2,1,351.02,0,4,0,0,0.55,0,39,6,E-commerce
user_startup_650,82,19,1,0.6,1,280.21,0,0,3,1,0.43,0,33,6,SaaS
user_startup_651,88,22,3,9.0,1,134.98,0,1,0,0,0.37,0,44,5,Marketing
user_startup_652,21,4,7,6.8,0,0.0,2,2,3,1,0.15,0,19,8,SaaS
user_startup_653,138,38,3,7.9,2,269.69,0,3,2,0,0.07,0,4,9,SaaS
user_startup_654,131,35,0,0.0,2,418.4,0,2,2,0,0.28,0,5,9,Marketing
user_startup_655,56,13,15,19.1,0,0.0,0,0,4,1,0.45,1,35,6,Finance
user_startup_656,109,45,3,2.9,1,418.68,1,2,3,2,0.38,0,29,7,Marketing
user_startup_657,105,45,3,4.4,2,911.83,1,3,4,1,0.47,0,20,8,Education
user_startup_658,65,54,2,5.2,1,197.18,0,0,3,2,0.6,0,20,8,SaaS
user_startup_659,93,19,0,0.0,2,610.84,0,1,0,0,0.37,0,29,7,E-commerce
user_startup_660,86,16,3,8.5,1,453.99,1,2,1,0,0.58,0,23,7,Marketing
user_startup_661,84,53,1,1.9,1,288.0,1,3,1,0,0.39,0,33,6,E-commerce
user_startup_662,18,24,4,2.2,0,0.0,1,1,4,1,0.44,1,21,7,SaaS
user_startup_663,68,5,21,42.9,1,93.26,0,2,2,0,0.2,0,9,9,E-commerce
user_startup_664,58,22,2,3.8,0,0.0,0,1,3,3,0.53,0,34,6,Finance
user_startup_665,127,57,1,2.5,3,166.85,1,0,1,0,0.48,0,20,8,Marketing
user_startup_666,103,21,0,0.0,1,369.49,1,2,0,0,0.24,0,22,7,Finance
user_startup_667,43,48,1,0.8,0,0.0,1,2,4,3,0.22,0,25,7,SaaS
user_startup_668,97,13,14,33.1,2,283.04,0,1,0,0,0.44,0,39,6,Finance
user_startup_669,69,45,1,1.7,1,373.21,2,3,0,0,0.36,0,29,7,Marketing
user_startup_670,34,55,3,2.0,0,0.0,0,2,1,0,0.46,1,27,7,Marketing
user_startup_671,57,8,9,13.3,0,0.0,0,4,2,0,0.39,1,42,5,SaaS
user_startup_672,69,43,3,7.4,1,295.32,0,0,4,0,0.43,0,32,6,Finance
user_startup_673,61,26,4,8.1,1,371.08,1,0,1,0,0.56,0,52,4,E-commerce
user_startup_674,56,6,7,3.9,0,0.0,3,1,5,0,0.79,1,24,7,E-commerce
user_startup_675,99,40,2,4.1,1,279.63,2,3,3,1,0.73,0,17,8,Finance
user_startup_676,90,23,3,1.8,1,415.2,1,3,6,1,0.31,0,54,4,Finance
user_startup_677,76,42,4,10.4,1,129.72,2,0,2,0,0.39,0,19,8,Finance
user_startup_678,73,24,4,7.5,1,115.73,1,1,5,0,0.36,0,26,7,Marketing
user_startup_679,96,50,1,0.9,2,473.41,0,1,4,2,0.31,0,54,4,Marketing
user_startup_680,94,7,13,32.8,1,300.59,0,4,5,3,0.32,0,45,5,SaaS
user_startup_681,51,13,18,35.4,0,0.0,0,2,2,0,0.54,0,30,7,Finance
user_startup_682,95,44,1,1.9,1,370.55,0,3,0,0,0.53,0,15,8,SaaS
user_startup_683,86,1,10,19.8,1,405.6,0,0,1,0,0.55,0,39,6,Education
user_startup_684,115,26,2,4.8,2,432.07,1,2,0,0,0.7,0,35,6,E-commerce
user_startup_685,41,21,3,5.1,0,0.0,0,0,2,0,0.38,0,20,8,E-commerce
user_startup_686,106,7,28,28.3,2,725.49,0,0,2,0,0.15,0,42,5,Marketing
user_startup_687,96,13,6,17.4,2,196.15,0,3,4,5,0.37,0,45,5,E-commerce
user_startup_688,75,42,0,0.0,1,79.73,0,0,3,2,0.5,0,14,8,Education
user_startup_689,160,36,1,1.3,4,1012.42,2,4,6,2,0.0,0,32,6,Education
user_startup_690,83,24,0,0.0,1,239.62,0,2,4,3,0.53,0,33,6,E-commerce
user_startup_691,127,45,4,6.5,3,645.37,1,1,3,1,0.44,0,32,6,Finance
user_startup_692,43,40,2,1.4,0,0.0,1,0,4,1,0.41,1,38,6,Marketing
user_startup_693,48,7,13,21.0,0,0.0,0,0,4,2,0.31,2,50,5,Education
user_startup_694,104,21,1,2.1,2,767.88,0,0,4,0,0.0,0,18,8,E-commerce
user_startup_695,100,31,0,0.0,2,931.47,0,0,5,1,0.35,0,27,7,Marketing
user_startup_696,96,45,1,1.6,2,228.62,0,0,3,1,0.13,0,37,6,Education
user_startup_697,94,39,1,0.7,2,805.19,1,0,3,2,0.26,0,48,5,Finance
user_startup_698,78,1,5,9.1,1,319.4,0,2,0,0,0.36,0,47,5,E-commerce
user_startup_699,79,36,0,0.0,1,172.2,0,2,4,1,0.6,0,48,5,Education
user_startup_700,50,17,1,1.4,0,0.0,0,5,4,0,0.3,1,29,7,SaaS
user_startup_701,56,4,15,23.8,0,0.0,0,0,2,0,0.0,0,41,5,E-commerce
user_startup_702,68,0,16,28.5,1,150.09,0,2,2,0,0.32,0,22,7,Marketing
user_startup_703,141,50,1,1.4,2,593.87,0,4,4,1,0.0,0,41,5,Education
user_startup_704,150,34,1,1.6,4,1082.47,1,0,1,0,0.22,0,50,5,Finance
user_startup_705,77,46,1,2.7,1,433.35,1,1,1,0,0.7,0,7,9,Education
user_startup_706,123,56,2,2.6,3,692.54,1,0,4,0,0.2,0,32,6,Marketing
user_startup_707,139,10,9,17.9,2,377.43,0,0,3,1,0.41,0,38,6,SaaS
user_startup_708,92,52,4,7.1,2,324.86,0,2,4,2,0.36,0,11,8,E-commerce
user_startup_709,90,27,0,0.0,2,382.93,0,0,2,0,0.43,0,21,7,Marketing
user_startup_710,88,9,21,27.4,1,100.78,0,0,1,0,0.22,0,25,7,SaaS
user_startup_711,145,46,4,8.5,2,911.8,0,3,1,0,0.38,0,30,7,Marketing
user_startup_712,99,15,4,8.5,1,482.68,0,0,0,0,0.37,0,40,6,Finance
user_startup_713,59,57,4,5.2,0,0.0,0,0,5,1,0.62,0,50,5,E-commerce
user_startup_714,75,57,4,2.1,1,455.89,0,0,6,0,0.26,0,35,6,Finance
user_startup_715,112,3,7,9.5,2,570.86,0,4,0,0,0.41,0,35,6,Finance
user_startup_716,81,45,2,1.1,1,308.45,0,3,4,0,0.5,0,27,7,Education
user_startup_717,91,1,11,18.5,2,965.5,0,1,2,0,0.34,0,36,6,Finance
user_startup_718,115,16,0,0.0,2,686.02,0,0,0,0,0.62,0,39,6,Finance
user_startup_719,92,31,3,4.0,2,693.43,0,0,1,0,0.29,0,18,8,Finance
user_startup_720,76,52,3,5.5,1,180.67,0,1,5,0,0.48,0,11,8,SaaS
user_startup_721,126,32,1,2.0,3,1499.72,1,0,1,0,0.48,0,25,7,Marketing
user_startup_722,44,56,4,3.2,0,0.0,0,0,1,0,0.34,1,33,6,E-commerce
user_startup_723,92,20,0,0.0,2,525.91,1,0,4,1,0.34,0,28,7,E-commerce
user_startup_724,111,20,0,0.0,2,144.12,0,2,1,0,0.58,0,33,6,Marketing
user_startup_725,139,3,13,38.0,2,500.37,1,3,0,0,0.57,0,27,7,Marketing
user_startup_726,75,10,13,37.2,1,130.23,0,0,2,0,0.47,0,37,6,SaaS
user_startup_727,95,58,2,4.0,2,276.71,0,1,3,2,0.42,0,34,6,SaaS
user_startup_728,87,13,22,59.9,1,107.8,0,2,1,0,0.05,0,31,6,Education
user_startup_729,87,37,3,1.9,1,489.19,1,1,0,0,0.54,0,35,6,E-commerce
user_startup_730,97,20,4,11.4,2,537.19,0,0,1,0,0.16,0,11,8,Marketing
user_startup_731,78,4,19,25.1,1,369.77,0,4,0,0,0.19,0,43,5,Education
user_startup_732,119,56,4,11.8,1,105.48,0,3,3,0,0.47,0,40,6,E-commerce
user_startup_733,88,2,13,24.0,1,124.67,0,1,4,2,0.45,0,53,4,SaaS
user_startup_734,58,18,3,6.4,0,0.0,0,0,3,0,0.1,2,48,5,E-commerce
user_startup_735,92,21,4,11.1,2,789.97,1,1,3,0,0.4,0,25,7,Finance
user_startup_736,114,0,11,29.1,2,197.1,0,1,5,2,0.4,0,26,7,Education
user_startup_737,92,5,23,26.1,2,272.06,0,0,1,0,0.4,0,29,7,Finance
user_startup_738,143,51,0,0.0,3,866.16,0,2,0,0,0.75,0,27,7,E-commerce
user_startup_739,128,16,4,7.2,2,222.02,0,1,0,0,0.14,0,12,8,Marketing
user_startup_740,145,51,4,7.0,2,899.66,0,3,3,1,0.76,0,23,7,Finance
user_startup_741,50,12,23,22.3,0,0.0,1,3,0,0,0.41,0,0,10,Marketing
user_startup_742,131,50,3,5.7,2,708.78,0,0,3,1,0.53,0,15,8,Marketing
user_startup_743,45,23,0,0.0,0,0.0,0,1,4,2,0.45,0,10,9,Education
user_startup_744,121,15,0,0.0,3,1348.42,0,2,5,1,0.45,0,44,5,Marketing
user_startup_745,83,6,26,23.0,1,92.03,0,0,3,1,0.06,0,38,6,Education
user_startup_746,83,3,26,38.9,1,114.82,0,2,0,0,0.58,0,12,8,Education
user_startup_747,107,8,24,14.7,2,744.21,0,0,4,1,0.63,0,31,6,Marketing
user_startup_748,126,27,1,0.7,2,456.38,0,1,4,3,0.57,0,24,7,Education
user_startup_749,67,29,0,0.0,1,272.92,2,0,0,0,0.33,0,43,5,Education
user_startup_750,77,5,23,16.7,1,77.71,0,0,3,1,0.3,0,12,8,Marketing
user_startup_751,112,8,14,37.4,2,668.87,0,0,0,0,0.26,0,24,7,SaaS
user_startup_752,105,49,4,3.8,2,271.91,2,0,1,0,0.41,0,16,8,Education
user_startup_753,89,9,5,11.9,1,412.9,0,0,2,0,0.68,0,25,7,E-commerce
user_startup_754,83,25,4,2.3,1,206.81,0,2,3,0,0.55,0,0,10,Finance
user_startup_755,87,0,18,27.6,1,269.45,0,1,8,0,0.08,0,32,6,Finance
user_startup_756,62,4,23,52.6,1,69.67,0,0,2,0,0.55,0,40,6,Marketing
user_startup_757,114,50,1,2.2,1,106.13,0,2,1,0,0.42,0,30,7,SaaS
user_startup_758,51,29,4,3.5,0,0.0,0,2,2,0,0.25,3,51,4,Education
user_startup_759,89,3,25,60.6,1,176.16,0,4,2,0,0.37,0,40,6,SaaS
user_startup_760,71,42,1,1.0,1,383.67,1,4,0,0,0.19,0,27,7,Marketing
user_startup_761,164,1,21,54.6,2,216.88,0,0,1,0,0.01,0,22,7,SaaS
user_startup_762,99,51,4,10.1,2,531.1,0,0,3,1,0.41,0,25,7,Marketing
user_startup_763,143,54,0,0.0,2,494.17,0,2,6,2,0.23,0,15,8,Finance
user_startup_764,32,31,4,11.7,0,0.0,1,1,0,0,0.41,0,25,7,SaaS
user_startup_765,90,9,14,15.4,2,364.87,0,3,4,1,0.46,0,38,6,E-commerce
user_startup_766,95,18,3,6.5,1,246.96,0,0,4,2,0.42,0,0,10,E-commerce
user_startup_767,82,52,1,1.7,1,413.93,0,0,3,0,0.48,0,13,8,E-commerce
user_startup_768,88,21,1,2.1,1,416.47,0,0,1,0,0.0,0,42,5,Education
user_startup_769,57,10,29,17.0,0,0.0,0,2,1,0,0.5,0,30,7,Education
user_startup_770,117,25,1,0.8,2,692.32,1,0,2,0,0.31,0,47,5,Marketing
user_startup_771,72,6,10,14.0,1,289.8,0,2,2,0,0.32,0,41,5,Education
user_startup_772,45,34,1,2.9,0,0.0,3,4,6,0,0.2,1,22,7,Finance
user_startup_773,130,34,2,3.5,2,115.78,3,4,4,2,0.27,0,32,6,E-commerce
user_startup_774,95,1,14,14.2,2,765.1,0,1,4,0,0.95,0,43,5,Education
user_startup_775,88,40,0,0.0,1,331.07,1,1,6,1,0.17,0,5,9,Marketing
user_startup_776,110,28,2,5.2,2,430.53,0,1,7,0,0.58,0,29,7,Marketing
user_startup_777,117,23,3,2.8,2,167.04,1,3,3,0,0.29,0,37,6,Marketing
user_startup_778,74,49,0,0.0,1,299.38,0,0,3,3,0.35,0,0,10,E-commerce
user_startup_779,119,23,2,3.8,1,55.65,0,1,3,0,0.34,0,36,6,Marketing
user_startup_780,108,12,24,13.4,1,425.26,0,3,2,0,0.23,0,36,6,E-commerce
user_startup_781,131,24,4,8.8,2,320.37,1,1,4,0,0.21,0,44,5,E-commerce
user_startup_782,142,54,1,2.8,3,972.59,0,1,0,0,0.25,0,15,8,Finance
user_startup_783,112,36,3,1.8,2,473.29,2,5,2,0,0.18,0,40,6,SaaS
user_startup_784,53,16,3,7.8,0,0.0,0,0,2,0,0.0,4,26,7,SaaS
user_startup_785,55,29,1,1.7,0,0.0,1,0,0,0,0.11,1,35,6,SaaS
user_startup_786,139,58,3,3.5,2,888.61,0,2,4,1,0.16,0,50,5,Education
user_startup_787,72,21,3,8.9,1,182.54,0,6,1,0,0.49,0,0,10,SaaS
user_startup_788,103,2,13,13.3,2,299.1,0,1,1,0,0.47,0,12,8,Finance
user_startup_789,85,29,4,5.9,1,72.38,0,0,2,0,0.17,0,19,8,E-commerce
user_startup_790,104,19,4,12.0,2,138.9,0,0,1,0,0.71,0,36,6,SaaS
user_startup_791,100,15,1,2.5,2,788.24,2,1,0,0,0.06,0,43,5,SaaS
user_startup_792,89,1,9,18.6,1,417.59,0,2,4,2,0.24,0,24,7,Marketing
user_startup_793,72,23,1,2.3,1,473.86,0,2,1,0,0.28,0,18,8,E-commerce
user_startup_794,94,10,25,13.2,2,285.76,0,0,0,0,0.01,0,28,7,Marketing
user_startup_795,117,59,4,4.2,2,403.1,0,0,1,0,0.77,0,31,6,SaaS
user_startup_796,118,55,3,6.8,2,316.29,3,0,2,0,0.22,0,35,6,SaaS
user_startup_797,106,12,26,56.1,2,258.25,2,1,2,0,0.18,0,41,5,Marketing
user_startup_798,93,55,2,1.5,1,119.13,0,0,3,0,0.31,0,40,6,Finance
user_startup_799,88,27,3,3.6,1,199.2,0,1,4,2,0.43,0,42,5,Education
user_startup_800,69,4,21,13.2,1,165.04,0,1,3,2,0.75,0,26,7,Marketing
